{
  "project_info": {
    "project_number": "692786699436",
    "project_id": "hw10-7c96e",
    "storage_bucket": "hw10-7c96e.appspot.com"
  },
  "client": [
    {
      "client_info": {
        "mobilesdk_app_id": "1:692786699436:android:205598a9f65cc743649309",
        "android_client_info": {
          "package_name": "com.example.hw10"
        }
      },
      "oauth_client": [
        {
          "client_id": "692786699436-fgm3rjnsdrhk3jl3ht1eedulejjkpk6b.apps.googleusercontent.com",
          "client_type": 3
        }
      ],
      "api_key": [
        {
          "current_key": "AIzaSyCC8lZFNDGAWuqRWtEDV_SyhOJMGwzUSSQ"
        }
      ],
      "services": {
        "appinvite_service": {
          "other_platform_oauth_client": [
            {
              "client_id": "692786699436-fgm3rjnsdrhk3jl3ht1eedulejjkpk6b.apps.googleusercontent.com",
              "client_type": 3
            }
          ]
        }
      }
    },
    {
      "client_info": {
        "mobilesdk_app_id": "1:692786699436:android:ddfffe14d2d80959649309",
        "android_client_info": {
          "package_name": "edu.uncc.hw10"
        }
      },
      "oauth_client": [
        {
          "client_id": "692786699436-fgm3rjnsdrhk3jl3ht1eedulejjkpk6b.apps.googleusercontent.com",
          "client_type": 3
        }
      ],
      "api_key": [
        {
          "current_key": "AIzaSyCC8lZFNDGAWuqRWtEDV_SyhOJMGwzUSSQ"
        }
      ],
      "services": {
        "appinvite_service": {
          "other_platform_oauth_client": [
            {
              "client_id": "692786699436-fgm3rjnsdrhk3jl3ht1eedulejjkpk6b.apps.googleusercontent.com",
              "client_type": 3
            }
          ]
        }
      }
    }
  ],
  "configuration_version": "1"
}